<?xml version="1.0"?>
<employeedetails>
	<empno>7369</empno>
	<ename>smith</ename>
	<job>clerk</job>
	<mgr>7902</mgr>
	<hiredate>17-dec-80</hiredate>
	<sal>1100</sal>
	<comm>200</comm>
	<deptno>20</deptno>
	
	<empno>7499</empno>
	<ename>allen</ename>
	<job>salesman</job>
	<mgr>7698</mgr>
	<hiredate>20-feb-81</hiredate>
	<sal>1600</sal>
	<comm>24820</comm>
	<deptno>30</deptno>
	
	<empno>7521</empno>
	<ename>ward</ename>
	<job>salesman</job>
	<mgr>7698</mgr>
	<hiredate>22-feb-81</hiredate>
	<sal>1375</sal>
	<comm>19700</comm>
	<deptno>30</deptno>
	
	<empno>7566</empno>
	<ename>jones</ename>
	<job>manager</job>
	<mgr>7839</mgr>
	<hiredate>02-april-81</hiredate>
	<sal>3175</sal>
	<comm></comm>
	<deptno>30</deptno>
	
	<empno>7369</empno>
	<ename>smith</ename>
	<job>clerk</job>
	<mgr>7902</mgr>
	<hiredate>17-dec-80</hiredate>
	<sal>1100</sal>
	<comm>200</comm>
	<deptno>20</deptno>
	
	<empno>7369</empno>
	<ename>smith</ename>
	<job>clerk</job>
	<mgr>7902</mgr>
	<hiredate>17-dec-80</hiredate>
	<sal>1100</sal>
	<comm>200</comm>
	<deptno>20</deptno>
	
	<empno>7369</empno>
	<ename>smith</ename>
	<job>clerk</job>
	<mgr>7902</mgr>
	<hiredate>17-dec-80</hiredate>
	<sal>1100</sal>
	<comm>200</comm>
	<deptno>20</deptno>
	
	<empno>7369</empno>
	<ename>smith</ename>
	<job>clerk</job>
	<mgr>7902</mgr>
	<hiredate>17-dec-80</hiredate>
	<sal>1100</sal>
	<comm>200</comm>
	<deptno>20</deptno>
	
	<empno>7369</empno>
	<ename>smith</ename>
	<job>clerk</job>
	<mgr>7902</mgr>
	<hiredate>17-dec-80</hiredate>
	<sal>1100</sal>
	<comm>200</comm>
	<deptno>20</deptno>
	
	<empno>7369</empno>
	<ename>smith</ename>
	<job>clerk</job>
	<mgr>7902</mgr>
	<hiredate>17-dec-80</hiredate>
	<sal>1100</sal>
	<comm>200</comm>
	<deptno>20</deptno>
	
	<empno>7369</empno>
	<ename>smith</ename>
	<job>clerk</job>
	<mgr>7902</mgr>
	<hiredate>17-dec-80</hiredate>
	<sal>1100</sal>
	<comm>200</comm>
	<deptno>20</deptno>
	
	<empno>7369</empno>
	<ename>smith</ename>
	<job>clerk</job>
	<mgr>7902</mgr>
	<hiredate>17-dec-80</hiredate>
	<sal>1100</sal>
	<comm>200</comm>
	<deptno>20</deptno>
	
	<empno>7369</empno>
	<ename>smith</ename>
	<job>clerk</job>
	<mgr>7902</mgr>
	<hiredate>17-dec-80</hiredate>
	<sal>1100</sal>
	<comm>200</comm>
	<deptno>20</deptno>
	
	
</employeedetails>