<?xml version="1.0"?>
<EmployeeDetails>
	<Employee ee_code="1111">

		<empName>
			<FirstName>Seema</FirstName>
			<LastName>Dalvi</LastName>
		</empName>
		
		<DOJ>09/08/97</DOJ>
		
		<TotalExperience>12</TotalExperience>
		<Department>
			<unit>3d</unit>
			<loc>Mumbai</loc>
		</Department>
		
		<Designation>4</Designation>
		
		<sal>21000</sal>
		<Grade>b</Grade>
	</Employee>
	
	<Employee ee_code="222">
		<empName>
			<FirstName>Bharati</FirstName>
			<LastName>Mantri</LastName>
		</empName>
		
		<DOJ>12/01/99</DOJ>
		
		<TotalExperience>5</TotalExperience>
		<Department>
			<unit>4a</unit>
			<loc>Pune</loc>
		</Department>
		
		<Designation>2</Designation>
		
		<sal>12000</sal>
		<Grade>a</Grade>
	</Employee>
	
</EmployeeDetails>		